<?xml version="1.0" encoding="UTF-8"?>
<project-private xmlns="http://www.netbeans.org/ns/project-private/1">
    <editor-bookmarks xmlns="http://www.netbeans.org/ns/editor-bookmarks/2" lastBookmarkId="0"/>
    <open-files xmlns="http://www.netbeans.org/ns/projectui-open-files/2">
        <group>
            <file>file:/F:/BCS-345-Semester-Project/BCS345_Semester_Project/src/bcs345_semester_project/FXMLDocument.fxml</file>
            <file>file:/F:/BCS-345-Semester-Project/BCS345_Semester_Project/src/bcs345_semester_project/FXMLDocumentController.java</file>
            <file>file:/F:/BCS-345-Semester-Project/BCS345_Semester_Project/src/bcs345_semester_project/BCS345_Semester_Project.java</file>
        </group>
    </open-files>
</project-private>
